time,freemem@tsung_controller@ip-172-31-28-163 
0,3408.66015625 
10,3409.78515625 
20,3409.7265625 
30,3407.65625 
40,3406.8671875 
50,3406.51953125 
60,3406.765625 
70,3406.2109375 
80,3406.22265625 
90,3405.98828125 
100,3405.40625 
110,3405.72265625 
120,3405.2578125 
130,3404.90625 
140,3404.78125 
150,3404.1953125 
160,3403.88671875 
170,3403.3046875 
180,3402.94921875 
190,3402.3203125 
200,3401.8515625 
210,3399.77734375 
220,3398.828125 
230,3398.53125 
237,3398.171875 
