time,load@tsung_controller@ip-172-31-28-163 
0,0.0 
10,0.0 
20,0.0 
30,0.0 
40,0.0 
50,0.0 
60,0.0 
70,0.0 
80,0.0 
90,0.078125 
100,0.078125 
110,0.078125 
120,0.078125 
130,0.078125 
140,0.109375 
150,0.16015625 
160,0.16015625 
170,0.16015625 
180,0.16015625 
190,0.16015625 
200,0.16015625 
210,0.16015625 
220,0.16015625 
230,0.16015625 
237,0.16015625 
