time,load@tsung_controller@ip-172-31-28-163 
0,0.0 
10,0.0 
20,0.0 
30,0.0 
40,0.0 
50,0.0 
60,0.0 
70,0.0 
80,0.0 
90,0.078125 
100,0.0703125 
110,0.05859375 
120,0.05078125 
130,0.0390625 
140,0.109375 
150,0.16015625 
160,0.140625 
170,0.12109375 
180,0.1015625 
190,0.16015625 
200,0.12890625 
210,0.109375 
220,0.08984375 
230,0.078125 
237,0.0703125 
